-0.89,-0.39,-0.69,0.19,-0.22,-0.12,-0.15,-0.01,-0.47,0.00,-0.49,-0.71,-0.70,0.21,0.05,-0.53,-0.70,-0.21,-0.45,-0.28,-0.31,-0.24,0.14,0.01,0.17,-0.10,0.08,-0.77,-0.37,-0.50,-0.28,-0.21,-0.48,-0.88,-0.55,-0.42,-0.58,-0.95,-0.15,-0.42,0.20,-0.40,-0.12,-0.60,-0.37,0.00,-0.89,-0.87,-0.57,-0.49,-0.54,-0.39,-0.21,-0.60,0.02,-0.40,-0.55,-0.57,-0.53,-0.47,-0.31,-0.33,0.09,-0.15,0.08,0.63,-0.29,-0.20,0.06,-0.52,-0.20,-0.48,-0.79,-0.76,-0.43,-0.14,-0.07,0.12,-0.30,-0.61,-0.61,-0.74,-0.11,-0.21,-0.10,-0.13,-0.16,-0.83,-0.15,-0.36,0.02,-0.25,0.12,-0.41,-0.39,-0.13,0.11,-0.74,-0.85,-0.56,-0.99,-0.38,-0.87,-0.95,-0.72,-0.55,-0.09,-0.25,-0.58,-0.69,-0.52,-1.22,-1.08,-0.69,-0.70,-0.12,-0.42,-0.15,-0.35,-0.18,-0.73,-0.48,-0.66,-0.88,-0.61,-0.64,-0.08,-0.22
-1.12,-0.45,-0.87,0.19,-0.26,-0.15,-0.17,0.02,-0.58,-0.02,-0.59,-0.92,-0.93,0.22,0.03,-0.69,-0.81,-0.21,-0.62,-0.32,-0.43,-0.27,0.17,-0.03,0.17,-0.09,0.11,-0.97,-0.49,-0.60,-0.32,-0.22,-0.53,-1.06,-0.70,-0.70,-0.74,-1.20,-0.17,-0.53,0.19,-0.54,-0.15,-0.98,-0.49,0.04,-1.15,-1.16,-0.71,-0.62,-0.61,-0.46,-0.28,-0.72,0.01,-0.52,-0.69,-0.72,-0.79,-0.61,-0.44,-0.44,0.11,-0.20,0.08,0.79,-0.36,-0.23,0.07,-0.68,-0.27,-0.61,-1.01,-0.92,-0.55,-0.18,-0.09,0.13,-0.36,-0.74,-0.78,-1.01,-0.19,-0.24,-0.16,-0.19,-0.21,-1.04,-0.18,-0.45,0.01,-0.36,0.15,-0.51,-0.50,-0.13,0.12,-0.87,-1.08,-0.69,-1.22,-0.43,-1.03,-1.19,-0.98,-0.69,-0.12,-0.29,-0.69,-0.86,-0.60,-1.51,-1.33,-0.92,-0.89,-0.15,-0.53,-0.12,-0.35,-0.15,-0.83,-0.67,-0.80,-1.06,-0.76,-0.80,-0.14,-0.26
-1.30,-0.53,-1.07,0.21,-0.31,-0.16,-0.27,0.09,-0.68,-0.05,-0.68,-1.18,-1.14,0.25,0.01,-0.91,-0.92,-0.24,-0.77,-0.37,-0.56,-0.32,0.20,-0.06,0.19,-0.11,0.18,-1.19,-0.62,-0.71,-0.30,-0.25,-0.53,-1.28,-0.87,-1.00,-0.95,-1.53,-0.14,-0.69,0.16,-0.63,-0.21,-1.14,-0.62,0.05,-1.48,-1.52,-0.87,-0.77,-0.70,-0.53,-0.36,-0.84,-0.01,-0.63,-0.84,-0.90,-1.04,-0.77,-0.58,-0.55,0.12,-0.27,0.10,0.97,-0.43,-0.26,0.07,-0.85,-0.32,-0.79,-1.23,-1.09,-0.68,-0.20,-0.11,0.17,-0.45,-0.91,-0.97,-1.39,-0.33,-0.29,-0.22,-0.24,-0.28,-1.27,-0.22,-0.53,0.03,-0.45,0.17,-0.60,-0.62,-0.13,0.16,-1.03,-1.35,-0.84,-1.51,-0.48,-1.21,-1.49,-1.28,-0.86,-0.15,-0.35,-0.83,-1.05,-0.70,-1.79,-1.64,-1.15,-1.15,-0.19,-0.70,-0.05,-0.34,-0.16,-1.00,-0.82,-0.96,-1.28,-0.99,-1.01,-0.20,-0.34
-1.53,-0.63,-1.31,0.21,-0.37,-0.14,-0.38,0.17,-0.80,-0.11,-0.76,-1.48,-1.38,0.26,-0.01,-1.10,-1.05,-0.26,-0.97,-0.43,-0.70,-0.39,0.25,-0.06,0.24,-0.09,0.25,-1.43,-0.77,-0.82,-0.32,-0.27,-0.59,-1.53,-1.05,-1.23,-1.20,-1.91,-0.12,-0.84,0.11,-0.73,-0.29,-1.71,-0.79,0.04,-1.73,-1.90,-1.07,-0.92,-0.93,-0.61,-0.46,-0.98,-0.03,-0.79,-1.02,-1.06,-1.30,-0.95,-0.76,-0.64,0.09,-0.39,0.11,1.15,-0.50,-0.30,0.06,-1.05,-0.41,-1.01,-1.47,-1.28,-0.83,-0.22,-0.14,0.20,-0.55,-1.10,-1.17,-1.75,-0.49,-0.38,-0.30,-0.31,-0.37,-1.52,-0.26,-0.62,0.07,-0.58,0.18,-0.74,-0.79,-0.13,0.19,-1.21,-1.66,-1.02,-1.85,-0.56,-1.46,-1.82,-1.57,-1.06,-0.18,-0.42,-1.12,-1.27,-0.80,-2.19,-1.96,-1.33,-1.46,-0.23,-0.90,0.02,-0.37,-0.18,-1.17,-1.00,-1.15,-1.50,-1.26,-1.27,-0.27,-0.50
-1.78,-0.74,-1.58,0.22,-0.45,-0.16,-0.48,0.27,-0.94,-0.15,-0.87,-1.85,-1.70,0.26,-0.03,-1.29,-1.22,-0.29,-1.21,-0.50,-0.91,-0.50,0.27,-0.03,0.31,-0.16,0.28,-1.74,-0.96,-0.93,-0.33,-0.30,-0.65,-1.84,-1.28,-1.47,-1.51,-2.33,-0.11,-1.02,0.10,-0.83,-0.40,-2.11,-0.98,0.03,-2.10,-2.32,-1.26,-1.10,-1.09,-0.70,-0.59,-1.13,-0.04,-0.97,-1.24,-1.24,-1.62,-1.13,-0.93,-0.77,0.04,-0.55,0.12,1.35,-0.57,-0.34,0.06,-1.21,-0.50,-1.23,-1.69,-1.51,-1.03,-0.28,-0.17,0.23,-0.64,-1.30,-1.40,-2.05,-0.69,-0.49,-0.40,-0.40,-0.47,-1.75,-0.34,-0.72,0.07,-0.70,0.17,-0.85,-0.96,-0.13,0.24,-1.41,-1.99,-1.23,-2.25,-0.67,-1.68,-2.19,-1.84,-1.27,-0.21,-0.51,-1.34,-1.53,-0.87,-2.66,-2.35,-1.71,-1.80,-0.27,-1.14,0.06,-0.43,-0.21,-1.41,-1.26,-1.38,-1.78,-1.52,-1.55,-0.35,-0.62
-2.03,-0.88,-1.91,0.25,-0.59,-0.20,-0.60,0.39,-1.11,-0.18,-0.94,-2.27,-2.10,0.25,-0.06,-1.50,-1.46,-0.35,-1.47,-0.58,-1.09,-0.61,0.22,0.00,0.40,-0.26,0.31,-2.07,-1.15,-1.07,-0.37,-0.36,-0.77,-2.19,-1.54,-1.64,-1.87,-2.80,-0.14,-1.21,0.03,-0.93,-0.53,-2.31,-1.21,0.00,-2.50,-2.82,-1.50,-1.26,-1.21,-0.80,-0.74,-1.31,-0.05,-1.20,-1.46,-1.46,-1.94,-1.37,-1.15,-0.90,-0.04,-0.75,0.14,1.58,-0.65,-0.39,0.09,-1.45,-0.61,-1.48,-1.92,-1.74,-1.26,-0.41,-0.22,0.24,-0.75,-1.55,-1.66,-2.45,-0.88,-0.60,-0.49,-0.50,-0.62,-2.02,-0.40,-0.87,0.00,-0.79,0.11,-0.95,-1.10,-0.14,0.28,-1.65,-2.28,-1.45,-2.68,-0.91,-1.93,-2.61,-2.14,-1.48,-0.24,-0.60,-1.60,-1.81,-0.97,-3.15,-2.76,-2.13,-2.17,-0.32,-1.37,0.03,-0.56,-0.28,-1.65,-1.51,-1.64,-2.11,-1.77,-1.86,-0.42,-0.79
-2.30,-1.09,-2.15,0.30,-0.81,-0.29,-0.73,0.58,-1.31,-0.20,-1.00,-2.74,-2.51,0.24,-0.10,-1.70,-1.71,-0.44,-1.73,-0.67,-1.35,-0.69,0.18,-0.01,0.48,-0.33,0.35,-2.43,-1.38,-1.21,-0.42,-0.38,-0.89,-2.60,-1.81,-1.87,-2.26,-3.31,-0.16,-1.43,-0.03,-1.03,-0.67,-2.70,-1.48,-0.08,-2.93,-3.36,-1.74,-1.49,-1.36,-0.94,-0.92,-1.52,-0.07,-1.43,-1.71,-1.69,-2.31,-1.57,-1.35,-1.05,-0.13,-1.01,0.14,1.81,-0.75,-0.44,0.16,-1.75,-0.70,-1.79,-2.13,-2.00,-1.54,-0.54,-0.26,0.26,-0.87,-1.85,-1.94,-2.88,-1.10,-0.72,-0.57,-0.63,-0.72,-2.36,-0.47,-1.04,-0.03,-0.90,-0.01,-1.08,-1.28,-0.17,0.32,-1.91,-2.63,-1.71,-3.13,-1.11,-2.21,-3.07,-2.52,-1.72,-0.30,-0.69,-1.86,-2.13,-1.11,-3.71,-3.23,-2.49,-2.56,-0.35,-1.64,-0.05,-0.70,-0.35,-1.91,-1.78,-1.92,-2.48,-2.05,-2.20,-0.53,-0.93
-2.64,-1.30,-2.42,0.34,-1.08,-0.40,-0.90,0.79,-1.52,-0.23,-1.09,-3.24,-3.01,0.23,-0.16,-1.90,-2.00,-0.54,-2.07,-0.81,-1.67,-0.80,0.10,-0.12,0.49,-0.45,0.35,-2.82,-1.63,-1.39,-0.41,-0.48,-1.05,-3.04,-2.08,-2.21,-2.71,-3.89,-0.18,-1.65,-0.13,-1.16,-0.83,-3.16,-1.78,-0.17,-3.51,-3.95,-2.01,-1.70,-1.49,-1.13,-1.15,-1.76,-0.08,-1.68,-2.01,-1.98,-2.66,-1.81,-1.58,-1.19,-0.26,-1.27,0.13,2.06,-0.86,-0.48,0.25,-2.04,-0.80,-2.12,-2.39,-2.27,-1.86,-0.64,-0.33,0.27,-0.98,-2.18,-2.30,-3.35,-1.32,-0.91,-0.76,-0.77,-0.82,-2.75,-0.54,-1.28,-0.04,-1.07,-0.20,-1.19,-1.46,-0.22,0.39,-2.19,-3.02,-2.02,-3.60,-1.36,-2.49,-3.60,-3.00,-1.97,-0.36,-0.84,-2.15,-2.48,-1.32,-4.29,-3.70,-2.80,-3.00,-0.43,-1.94,-0.07,-0.84,-0.38,-2.22,-2.10,-2.21,-2.88,-2.33,-2.55,-0.67,-1.02
-2.99,-1.50,-2.67,0.37,-1.37,-0.54,-1.12,1.02,-1.76,-0.33,-1.15,-3.80,-3.53,0.23,-0.25,-2.08,-2.30,-0.63,-2.41,-0.98,-2.00,-0.90,-0.01,-0.23,0.48,-0.57,0.30,-3.22,-1.91,-1.55,-0.33,-0.54,-1.23,-3.51,-2.35,-2.64,-3.21,-4.51,-0.21,-1.89,-0.29,-1.23,-0.98,-3.63,-2.10,-0.31,-4.15,-4.63,-2.29,-2.00,-1.70,-1.34,-1.33,-2.01,-0.10,-1.90,-2.33,-2.28,-2.95,-2.07,-1.85,-1.33,-0.40,-1.54,0.10,2.23,-0.98,-0.53,0.33,-2.37,-0.93,-2.45,-2.67,-2.55,-2.20,-0.75,-0.39,0.29,-1.07,-2.54,-2.65,-3.99,-1.59,-1.12,-0.97,-0.92,-0.99,-3.19,-0.62,-1.54,-0.09,-1.22,-0.48,-1.28,-1.61,-0.29,0.49,-2.50,-3.39,-2.32,-4.05,-1.60,-2.76,-4.16,-3.51,-2.24,-0.41,-1.02,-2.46,-2.85,-1.54,-4.81,-4.24,-3.12,-3.45,-0.50,-2.26,-0.09,-0.90,-0.44,-2.58,-2.42,-2.53,-3.29,-2.60,-2.96,-0.78,-1.14
-3.36,-1.71,-2.88,0.37,-1.58,-0.63,-1.38,1.24,-2.03,-0.45,-1.27,-4.36,-3.92,0.24,-0.35,-2.22,-2.59,-0.73,-2.79,-1.18,-2.31,-1.01,-0.07,-0.38,0.41,-0.69,0.19,-3.64,-2.22,-1.70,-0.26,-0.55,-1.40,-4.00,-2.67,-3.01,-3.73,-5.13,-0.25,-2.12,-0.48,-1.34,-1.10,-4.23,-2.40,-0.49,-4.83,-5.34,-2.61,-2.35,-2.06,-1.62,-1.46,-2.28,-0.14,-2.14,-2.65,-2.62,-3.33,-2.31,-2.16,-1.45,-0.58,-1.82,0.09,2.24,-1.12,-0.58,0.39,-2.69,-1.06,-2.73,-3.03,-2.83,-2.55,-0.82,-0.45,0.30,-1.16,-2.92,-3.00,-4.68,-1.89,-1.33,-1.17,-1.06,-1.15,-3.71,-0.71,-1.82,-0.14,-1.39,-0.86,-1.40,-1.76,-0.38,0.64,-2.83,-3.66,-2.64,-4.50,-1.78,-3.08,-4.77,-3.98,-2.59,-0.47,-1.16,-2.89,-3.25,-1.74,-5.40,-4.72,-3.41,-3.92,-0.60,-2.56,-0.19,-0.97,-0.50,-2.92,-2.84,-2.87,-3.69,-2.98,-3.37,-0.96,-1.23
-3.78,-1.89,-3.18,0.34,-1.67,-0.68,-1.64,1.46,-2.30,-0.62,-1.38,-4.94,-4.58,0.28,-0.45,-2.28,-2.87,-0.85,-3.16,-1.40,-2.71,-1.17,-0.19,-0.52,0.28,-0.85,0.03,-4.07,-2.58,-1.83,-0.25,-0.57,-1.59,-4.50,-2.99,-3.37,-4.27,-5.74,-0.27,-2.37,-0.67,-1.50,-1.19,-4.75,-2.63,-0.68,-5.46,-6.02,-2.92,-2.69,-2.33,-1.87,-1.53,-2.51,-0.20,-2.40,-2.97,-2.99,-3.67,-2.48,-2.45,-1.61,-0.76,-2.08,0.09,2.14,-1.27,-0.63,0.41,-3.00,-1.19,-2.92,-3.43,-3.13,-2.90,-0.92,-0.53,0.30,-1.23,-3.26,-3.39,-5.36,-2.25,-1.58,-1.36,-1.20,-1.35,-4.23,-0.81,-2.11,-0.23,-1.58,-1.29,-1.49,-1.90,-0.50,0.80,-3.17,-3.95,-2.97,-4.99,-2.01,-3.35,-5.39,-4.38,-2.98,-0.53,-1.31,-3.21,-3.67,-1.88,-6.00,-5.20,-3.85,-4.37,-0.68,-2.86,-0.39,-1.01,-0.60,-3.32,-3.36,-3.27,-4.07,-3.38,-3.74,-1.12,-1.33
-4.21,-2.11,-3.40,0.26,-1.66,-0.66,-1.89,1.59,-2.57,-0.82,-1.49,-5.53,-5.15,0.31,-0.54,-2.35,-3.13,-0.98,-3.54,-1.59,-3.08,-1.33,-0.36,-0.66,0.16,-1.03,-0.16,-4.45,-2.94,-1.99,-0.30,-0.59,-1.86,-4.96,-3.30,-3.63,-4.82,-6.33,-0.33,-2.61,-0.91,-1.68,-1.25,-5.23,-2.80,-0.87,-6.03,-6.65,-3.25,-2.99,-2.60,-2.08,-1.54,-2.71,-0.29,-2.66,-3.23,-3.34,-3.96,-2.62,-2.71,-1.77,-0.96,-2.33,0.10,1.89,-1.41,-0.68,0.43,-3.32,-1.32,-3.07,-3.89,-3.36,-3.24,-1.06,-0.58,0.31,-1.31,-3.59,-3.78,-6.02,-2.61,-1.82,-1.45,-1.34,-1.57,-4.71,-0.90,-2.40,-0.40,-1.77,-1.69,-1.59,-2.07,-0.60,0.95,-3.50,-4.21,-3.29,-5.46,-2.18,-3.68,-5.95,-4.75,-3.31,-0.61,-1.40,-3.64,-4.08,-1.99,-6.60,-5.61,-4.26,-4.77,-0.74,-3.20,-0.63,-1.07,-0.73,-3.77,-3.88,-3.68,-4.47,-3.70,-4.11,-1.30,-1.50
-4.63,-2.34,-3.66,0.18,-1.61,-0.64,-2.12,1.68,-2.82,-1.07,-1.61,-6.10,-5.64,0.34,-0.61,-2.40,-3.37,-1.13,-3.88,-1.77,-3.44,-1.49,-0.54,-0.83,0.00,-1.23,-0.36,-4.81,-3.30,-2.15,-0.41,-0.60,-2.18,-5.42,-3.61,-3.86,-5.35,-6.89,-0.36,-2.86,-1.14,-1.85,-1.30,-5.74,-2.92,-1.08,-6.51,-7.19,-3.53,-3.27,-2.86,-2.28,-1.54,-2.89,-0.41,-2.89,-3.49,-3.65,-4.24,-2.71,-2.94,-1.94,-1.17,-2.52,0.10,1.58,-1.56,-0.73,0.39,-3.65,-1.36,-3.20,-4.36,-3.56,-3.55,-1.14,-0.61,0.29,-1.46,-3.88,-4.13,-6.58,-2.95,-2.06,-1.54,-1.49,-1.68,-5.19,-1.00,-2.64,-0.51,-1.96,-1.98,-1.74,-2.24,-0.70,1.07,-3.79,-4.55,-3.63,-5.86,-2.36,-3.99,-6.38,-5.15,-3.61,-0.70,-1.49,-3.98,-4.49,-2.10,-7.10,-5.92,-4.65,-5.11,-0.82,-3.56,-0.94,-1.15,-0.88,-4.21,-4.40,-4.06,-4.84,-4.07,-4.44,-1.54,-1.64
-4.98,-2.57,-3.84,0.07,-1.58,-0.63,-2.38,1.67,-3.07,-1.30,-1.77,-6.62,-5.96,0.35,-0.71,-2.49,-3.58,-1.31,-4.21,-1.95,-3.76,-1.65,-0.73,-0.99,-0.23,-1.44,-0.56,-5.12,-3.64,-2.36,-0.52,-0.64,-2.56,-5.82,-3.91,-4.10,-5.82,-7.41,-0.43,-3.07,-1.32,-2.04,-1.33,-6.16,-3.01,-1.28,-6.97,-7.64,-3.78,-3.50,-3.10,-2.44,-1.57,-3.04,-0.57,-3.08,-3.72,-3.94,-4.47,-2.82,-3.14,-2.12,-1.40,-2.64,0.08,1.19,-1.70,-0.80,0.33,-3.92,-1.43,-3.27,-4.88,-3.70,-3.86,-1.26,-0.65,0.24,-1.64,-4.15,-4.49,-7.07,-3.28,-2.31,-1.66,-1.64,-1.79,-5.60,-1.10,-2.85,-0.63,-2.18,-2.10,-1.87,-2.39,-0.77,1.17,-4.05,-4.94,-3.99,-6.17,-2.62,-4.32,-6.73,-5.51,-3.89,-0.80,-1.60,-4.40,-4.85,-2.24,-7.51,-6.15,-5.03,-5.40,-0.91,-3.91,-1.21,-1.23,-1.04,-4.65,-4.83,-4.40,-5.22,-4.35,-4.76,-1.76,-1.82
-5.23,-2.74,-3.95,-0.08,-1.59,-0.69,-2.67,1.61,-3.28,-1.53,-1.92,-7.08,-6.28,0.34,-0.83,-2.58,-3.77,-1.45,-4.51,-2.10,-4.03,-1.80,-0.94,-1.18,-0.48,-1.68,-0.76,-5.38,-3.96,-2.57,-0.60,-0.65,-3.02,-6.16,-4.18,-4.28,-6.24,-7.88,-0.50,-3.26,-1.47,-2.24,-1.33,-6.51,-3.11,-1.48,-7.35,-8.05,-3.97,-3.79,-3.27,-2.58,-1.58,-3.17,-0.74,-3.21,-3.93,-4.13,-4.62,-2.91,-3.37,-2.29,-1.62,-2.72,0.02,0.71,-1.84,-0.88,0.24,-4.18,-1.48,-3.32,-5.38,-3.76,-4.12,-1.34,-0.68,0.20,-1.84,-4.38,-4.78,-7.57,-3.53,-2.57,-1.70,-1.78,-1.92,-5.97,-1.22,-3.04,-0.77,-2.30,-2.10,-2.00,-2.53,-0.83,1.23,-4.25,-5.21,-4.29,-6.39,-2.83,-4.58,-6.98,-5.82,-4.12,-0.90,-1.74,-4.73,-5.15,-2.41,-7.77,-6.42,-5.40,-5.63,-0.99,-4.21,-1.50,-1.26,-1.21,-4.99,-5.22,-4.70,-5.60,-4.62,-5.05,-1.95,-2.02
-5.42,-2.91,-4.00,-0.26,-1.61,-0.76,-2.95,1.53,-3.48,-1.73,-2.09,-7.49,-6.45,0.29,-1.00,-2.65,-3.93,-1.61,-4.80,-2.20,-4.18,-1.95,-1.13,-1.34,-0.70,-1.98,-0.99,-5.61,-4.24,-2.80,-0.67,-0.70,-3.41,-6.43,-4.48,-4.38,-6.58,-8.26,-0.60,-3.39,-1.61,-2.43,-1.32,-6.74,-3.22,-1.71,-7.67,-8.38,-4.10,-4.04,-3.54,-2.69,-1.56,-3.28,-0.91,-3.31,-4.11,-4.36,-4.72,-2.97,-3.60,-2.42,-1.85,-2.72,-0.02,0.15,-1.97,-0.98,0.14,-4.42,-1.49,-3.32,-5.89,-3.82,-4.35,-1.39,-0.72,0.15,-2.03,-4.56,-5.01,-7.97,-3.73,-2.80,-1.73,-1.91,-2.02,-6.26,-1.33,-3.23,-0.82,-2.39,-2.03,-2.16,-2.70,-0.87,1.25,-4.40,-5.39,-4.55,-6.57,-3.01,-4.83,-7.19,-6.08,-4.36,-0.99,-1.89,-4.97,-5.41,-2.54,-7.97,-6.58,-5.79,-5.85,-1.08,-4.47,-1.78,-1.32,-1.31,-5.27,-5.56,-4.93,-5.93,-4.84,-5.27,-2.11,-2.19
-5.57,-3.04,-4.12,-0.45,-1.66,-0.85,-3.22,1.44,-3.62,-1.92,-2.23,-7.79,-6.80,0.18,-1.15,-2.66,-4.03,-1.76,-5.00,-2.25,-4.31,-2.10,-1.34,-1.50,-0.93,-2.31,-1.19,-5.78,-4.47,-3.05,-0.69,-0.71,-3.74,-6.62,-4.75,-4.48,-6.86,-8.52,-0.66,-3.49,-1.73,-2.65,-1.31,-6.73,-3.33,-1.94,-7.89,-8.58,-4.19,-4.27,-3.77,-2.78,-1.53,-3.38,-1.07,-3.42,-4.24,-4.58,-4.73,-2.99,-3.78,-2.51,-2.09,-2.66,-0.05,-0.46,-2.10,-1.08,0.02,-4.63,-1.49,-3.27,-6.36,-3.86,-4.53,-1.49,-0.77,0.09,-2.18,-4.69,-5.18,-8.31,-3.92,-3.01,-1.80,-2.02,-2.15,-6.45,-1.44,-3.39,-0.90,-2.51,-1.92,-2.28,-2.83,-0.93,1.23,-4.48,-5.54,-4.74,-6.70,-3.23,-5.02,-7.34,-6.24,-4.52,-1.08,-2.03,-5.18,-5.62,-2.61,-8.13,-6.67,-6.15,-6.02,-1.17,-4.63,-2.08,-1.37,-1.47,-5.43,-5.78,-5.11,-6.16,-5.01,-5.41,-2.24,-2.37
-5.66,-3.17,-4.14,-0.65,-1.71,-0.97,-3.44,1.31,-3.69,-2.09,-2.36,-8.03,-6.98,0.05,-1.29,-2.66,-4.06,-1.87,-5.17,-2.25,-4.36,-2.26,-1.51,-1.70,-1.16,-2.60,-1.36,-5.89,-4.65,-3.31,-0.75,-0.76,-4.05,-6.72,-4.96,-4.44,-7.07,-8.70,-0.75,-3.54,-1.90,-2.85,-1.30,-6.75,-3.41,-2.17,-8.04,-8.66,-4.21,-4.46,-3.98,-2.85,-1.48,-3.49,-1.23,-3.50,-4.35,-4.73,-4.71,-3.01,-3.89,-2.59,-2.34,-2.56,-0.10,-1.11,-2.19,-1.21,-0.08,-4.78,-1.47,-3.26,-6.74,-3.89,-4.66,-1.57,-0.83,0.04,-2.29,-4.81,-5.30,-8.46,-4.06,-3.20,-1.77,-2.10,-2.27,-6.52,-1.53,-3.54,-1.01,-2.58,-1.76,-2.42,-2.99,-1.00,1.16,-4.50,-5.64,-4.86,-6.69,-3.45,-5.11,-7.36,-6.34,-4.58,-1.16,-2.16,-5.38,-5.75,-2.68,-8.24,-6.70,-6.39,-6.12,-1.29,-4.79,-2.37,-1.39,-1.59,-5.55,-5.86,-5.25,-6.37,-5.10,-5.49,-2.37,-2.55
-5.76,-3.21,-4.17,-0.83,-1.79,-1.12,-3.60,1.16,-3.77,-2.31,-2.46,-8.20,-6.94,-0.12,-1.41,-2.70,-4.09,-1.96,-5.25,-2.21,-4.35,-2.44,-1.63,-1.86,-1.35,-2.82,-1.51,-5.95,-4.77,-3.53,-0.84,-0.83,-4.32,-6.78,-5.10,-4.33,-7.18,-8.81,-0.83,-3.55,-2.08,-3.02,-1.29,-6.80,-3.49,-2.38,-8.07,-8.66,-4.15,-4.58,-4.12,-2.89,-1.43,-3.58,-1.39,-3.57,-4.44,-4.84,-4.72,-3.08,-3.93,-2.64,-2.55,-2.37,-0.17,-1.72,-2.26,-1.36,-0.21,-4.90,-1.40,-3.24,-7.01,-3.91,-4.74,-1.62,-0.89,-0.03,-2.40,-4.88,-5.37,-8.52,-4.17,-3.35,-1.78,-2.19,-2.34,-6.52,-1.59,-3.71,-1.10,-2.64,-1.54,-2.52,-3.13,-1.06,1.03,-4.48,-5.75,-4.93,-6.58,-3.70,-5.23,-7.30,-6.40,-4.63,-1.24,-2.28,-5.50,-5.84,-2.75,-8.20,-6.62,-6.49,-6.15,-1.39,-4.87,-2.64,-1.41,-1.71,-5.60,-5.91,-5.36,-6.51,-5.21,-5.49,-2.46,-2.68
-5.77,-3.24,-4.23,-0.99,-1.88,-1.29,-3.75,0.97,-3.84,-2.47,-2.58,-8.30,-6.81,-0.29,-1.53,-2.77,-4.06,-2.01,-5.32,-2.14,-4.31,-2.61,-1.74,-1.99,-1.56,-2.99,-1.65,-5.95,-4.83,-3.75,-0.97,-0.87,-4.52,-6.75,-5.18,-4.24,-7.21,-8.85,-0.95,-3.53,-2.22,-3.22,-1.25,-6.78,-3.53,-2.57,-8.08,-8.57,-4.04,-4.66,-4.23,-2.93,-1.42,-3.66,-1.53,-3.60,-4.49,-4.91,-4.71,-3.14,-3.96,-2.72,-2.74,-2.14,-0.25,-2.27,-2.30,-1.53,-0.37,-4.99,-1.36,-3.26,-7.21,-3.92,-4.77,-1.69,-0.94,-0.12,-2.49,-4.92,-5.41,-8.51,-4.27,-3.44,-1.77,-2.23,-2.40,-6.49,-1.65,-3.81,-1.25,-2.68,-1.26,-2.63,-3.26,-1.12,0.88,-4.42,-5.89,-5.00,-6.42,-3.96,-5.37,-7.19,-6.43,-4.67,-1.30,-2.40,-5.58,-5.90,-2.79,-8.15,-6.57,-6.53,-6.11,-1.45,-4.95,-2.84,-1.48,-1.86,-5.61,-5.88,-5.42,-6.57,-5.21,-5.52,-2.52,-2.81
-5.75,-3.24,-4.24,-1.14,-2.00,-1.47,-3.93,0.76,-3.89,-2.58,-2.71,-8.32,-6.72,-0.44,-1.62,-2.88,-4.05,-2.05,-5.35,-2.06,-4.29,-2.74,-1.81,-2.12,-1.77,-3.10,-1.77,-5.92,-4.87,-3.93,-1.16,-0.92,-4.77,-6.67,-5.23,-4.11,-7.18,-8.82,-1.05,-3.48,-2.27,-3.39,-1.21,-6.66,-3.58,-2.71,-7.98,-8.46,-3.87,-4.75,-4.27,-2.95,-1.41,-3.74,-1.66,-3.63,-4.51,-4.92,-4.71,-3.21,-3.98,-2.80,-2.90,-1.86,-0.37,-2.71,-2.33,-1.69,-0.54,-5.01,-1.33,-3.29,-7.29,-3.90,-4.78,-1.75,-0.99,-0.21,-2.55,-4.97,-5.41,-8.38,-4.29,-3.53,-1.73,-2.26,-2.47,-6.43,-1.70,-3.88,-1.38,-2.67,-0.97,-2.73,-3.38,-1.17,0.68,-4.36,-5.86,-5.03,-6.25,-4.10,-5.38,-7.02,-6.46,-4.70,-1.34,-2.52,-5.59,-5.94,-2.84,-8.04,-6.49,-6.53,-6.03,-1.50,-4.98,-2.98,-1.51,-2.03,-5.56,-5.86,-5.43,-6.57,-5.19,-5.47,-2.54,-2.94
-5.72,-3.25,-4.23,-1.29,-2.09,-1.66,-4.05,0.57,-3.94,-2.69,-2.82,-8.29,-6.63,-0.54,-1.67,-2.99,-4.06,-2.07,-5.37,-1.99,-4.20,-2.86,-1.88,-2.22,-1.96,-3.20,-1.88,-5.84,-4.88,-4.06,-1.29,-1.04,-4.89,-6.56,-5.27,-4.05,-7.10,-8.79,-1.15,-3.46,-2.31,-3.53,-1.17,-6.66,-3.61,-2.88,-7.82,-8.27,-3.69,-4.74,-4.26,-2.93,-1.41,-3.79,-1.76,-3.65,-4.52,-4.94,-4.64,-3.24,-3.98,-2.90,-3.02,-1.58,-0.51,-3.08,-2.35,-1.86,-0.78,-5.06,-1.29,-3.33,-7.30,-3.88,-4.77,-1.79,-1.05,-0.31,-2.55,-4.96,-5.35,-8.23,-4.28,-3.59,-1.76,-2.25,-2.53,-6.32,-1.73,-3.87,-1.52,-2.67,-0.70,-2.83,-3.51,-1.20,0.46,-4.30,-5.83,-5.05,-6.08,-4.24,-5.28,-6.83,-6.46,-4.70,-1.35,-2.61,-5.56,-5.97,-2.88,-7.93,-6.37,-6.54,-5.92,-1.52,-4.94,-3.03,-1.53,-2.15,-5.57,-5.81,-5.38,-6.51,-5.08,-5.45,-2.50,-3.05
-5.64,-3.25,-4.30,-1.43,-2.18,-1.81,-4.18,0.39,-3.94,-2.76,-2.91,-8.18,-6.53,-0.64,-1.69,-3.10,-4.05,-2.07,-5.34,-1.93,-4.08,-2.93,-1.96,-2.29,-2.10,-3.29,-1.87,-5.76,-4.86,-4.16,-1.38,-1.11,-5.00,-6.41,-5.28,-4.03,-7.00,-8.75,-1.19,-3.45,-2.29,-3.65,-1.11,-6.33,-3.64,-3.01,-7.69,-8.07,-3.52,-4.69,-4.27,-2.91,-1.38,-3.83,-1.83,-3.65,-4.53,-4.92,-4.55,-3.21,-3.95,-2.95,-3.13,-1.29,-0.69,-3.38,-2.37,-2.03,-1.01,-5.06,-1.29,-3.36,-7.23,-3.87,-4.75,-1.84,-1.08,-0.44,-2.53,-4.95,-5.24,-8.11,-4.18,-3.64,-1.79,-2.24,-2.61,-6.18,-1.76,-3.83,-1.66,-2.71,-0.46,-2.90,-3.54,-1.26,0.23,-4.25,-5.78,-5.01,-5.87,-4.29,-5.13,-6.63,-6.40,-4.64,-1.34,-2.67,-5.59,-5.95,-2.88,-7.85,-6.24,-6.55,-5.77,-1.53,-4.92,-3.08,-1.56,-2.27,-5.49,-5.63,-5.28,-6.42,-4.99,-5.40,-2.47,-3.14
-5.57,-3.24,-4.36,-1.55,-2.27,-1.93,-4.28,0.24,-3.95,-2.75,-2.95,-8.07,-6.35,-0.67,-1.70,-3.19,-4.05,-2.04,-5.32,-1.85,-3.95,-2.98,-1.96,-2.33,-2.22,-3.30,-1.82,-5.66,-4.78,-4.22,-1.48,-1.24,-5.10,-6.24,-5.26,-3.92,-6.86,-8.71,-1.23,-3.47,-2.26,-3.73,-1.05,-6.30,-3.68,-3.13,-7.54,-7.88,-3.38,-4.60,-4.29,-2.90,-1.33,-3.83,-1.87,-3.63,-4.52,-4.87,-4.41,-3.21,-3.88,-3.01,-3.22,-1.03,-0.88,-3.62,-2.38,-2.20,-1.24,-5.06,-1.30,-3.42,-7.11,-3.87,-4.70,-1.78,-1.09,-0.57,-2.50,-4.92,-5.09,-7.92,-4.10,-3.65,-1.83,-2.22,-2.66,-6.05,-1.76,-3.78,-1.73,-2.75,-0.25,-2.94,-3.56,-1.32,-0.01,-4.22,-5.65,-4.97,-5.64,-4.35,-4.94,-6.41,-6.31,-4.58,-1.32,-2.67,-5.57,-5.86,-2.93,-7.72,-6.10,-6.60,-5.65,-1.53,-4.98,-3.10,-1.53,-2.37,-5.42,-5.45,-5.17,-6.35,-4.88,-5.34,-2.35,-3.24
-5.52,-3.25,-4.41,-1.63,-2.35,-2.00,-4.28,0.11,-3.94,-2.75,-2.94,-7.95,-6.12,-0.70,-1.71,-3.31,-4.07,-1.97,-5.29,-1.73,-3.77,-2.98,-1.89,-2.33,-2.26,-3.21,-1.74,-5.57,-4.70,-4.24,-1.60,-1.36,-5.08,-6.09,-5.24,-3.78,-6.70,-8.69,-1.24,-3.51,-2.19,-3.79,-0.98,-6.34,-3.70,-3.21,-7.42,-7.71,-3.25,-4.45,-4.36,-2.90,-1.24,-3.79,-1.90,-3.62,-4.52,-4.84,-4.34,-3.23,-3.80,-3.04,-3.27,-0.78,-1.09,-3.81,-2.37,-2.37,-1.45,-5.01,-1.31,-3.50,-6.96,-3.87,-4.63,-1.71,-1.08,-0.71,-2.46,-4.87,-4.94,-7.79,-4.00,-3.62,-1.83,-2.19,-2.69,-5.91,-1.78,-3.70,-1.79,-2.77,-0.07,-2.97,-3.57,-1.38,-0.22,-4.21,-5.46,-4.92,-5.42,-4.30,-4.89,-6.29,-6.24,-4.52,-1.32,-2.62,-5.54,-5.77,-2.97,-7.53,-6.01,-6.57,-5.60,-1.50,-4.93,-3.13,-1.46,-2.42,-5.37,-5.38,-5.08,-6.30,-4.82,-5.27,-2.26,-3.32
-5.44,-3.24,-4.52,-1.68,-2.43,-2.05,-4.28,-0.02,-3.91,-2.74,-2.89,-7.84,-6.06,-0.70,-1.75,-3.38,-4.10,-1.88,-5.30,-1.57,-3.64,-2.94,-1.84,-2.27,-2.23,-3.14,-1.64,-5.46,-4.61,-4.26,-1.69,-1.58,-5.04,-5.91,-5.21,-3.65,-6.57,-8.67,-1.24,-3.57,-2.05,-3.86,-0.88,-6.39,-3.73,-3.27,-7.30,-7.55,-3.14,-4.30,-4.37,-2.92,-1.11,-3.72,-1.94,-3.66,-4.48,-4.80,-4.32,-3.23,-3.75,-3.08,-3.32,-0.59,-1.32,-3.89,-2.34,-2.53,-1.63,-5.01,-1.39,-3.60,-6.82,-3.86,-4.55,-1.60,-1.04,-0.87,-2.42,-4.80,-4.82,-7.64,-3.90,-3.56,-1.84,-2.14,-2.68,-5.80,-1.77,-3.60,-1.80,-2.82,0.09,-3.02,-3.62,-1.44,-0.43,-4.18,-5.32,-4.88,-5.28,-4.11,-4.84,-6.20,-6.19,-4.47,-1.26,-2.52,-5.48,-5.68,-2.95,-7.40,-5.94,-6.53,-5.63,-1.45,-4.92,-3.09,-1.34,-2.49,-5.32,-5.29,-5.02,-6.20,-4.73,-5.27,-2.21,-3.37
-5.42,-3.26,-4.52,-1.68,-2.52,-2.10,-4.30,-0.13,-3.91,-2.71,-2.82,-7.78,-6.03,-0.72,-1.78,-3.40,-4.17,-1.76,-5.30,-1.38,-3.55,-2.84,-1.72,-2.15,-2.16,-2.96,-1.56,-5.34,-4.55,-4.29,-1.82,-1.79,-4.97,-5.75,-5.20,-3.52,-6.45,-8.68,-1.21,-3.63,-1.80,-3.92,-0.73,-6.47,-3.80,-3.30,-7.24,-7.48,-3.01,-4.19,-4.30,-2.91,-0.93,-3.62,-1.96,-3.72,-4.46,-4.78,-4.39,-3.32,-3.74,-3.11,-3.36,-0.45,-1.57,-3.89,-2.30,-2.66,-1.79,-4.96,-1.50,-3.71,-6.76,-3.84,-4.49,-1.40,-0.96,-1.04,-2.33,-4.75,-4.74,-7.48,-3.79,-3.54,-1.83,-2.08,-2.64,-5.74,-1.77,-3.50,-1.75,-2.93,0.23,-3.04,-3.71,-1.49,-0.65,-4.18,-5.20,-4.87,-5.20,-3.89,-4.82,-6.15,-6.16,-4.41,-1.18,-2.37,-5.47,-5.63,-2.98,-7.34,-5.89,-6.49,-5.67,-1.38,-4.88,-2.95,-1.17,-2.58,-5.32,-5.29,-4.98,-6.14,-4.66,-5.29,-2.10,-3.41
-5.46,-3.27,-4.54,-1.66,-2.63,-2.21,-4.33,-0.20,-3.93,-2.72,-2.76,-7.78,-6.07,-0.72,-1.79,-3.43,-4.27,-1.64,-5.31,-1.19,-3.49,-2.71,-1.63,-2.05,-2.09,-2.76,-1.41,-5.25,-4.49,-4.31,-1.94,-2.04,-4.88,-5.58,-5.23,-3.36,-6.36,-8.74,-1.12,-3.74,-1.55,-3.93,-0.57,-6.77,-3.87,-3.32,-7.23,-7.44,-2.92,-4.11,-4.18,-2.94,-0.73,-3.50,-1.97,-3.80,-4.48,-4.78,-4.46,-3.40,-3.73,-3.17,-3.41,-0.42,-1.86,-3.82,-2.26,-2.79,-1.95,-4.91,-1.58,-3.84,-6.70,-3.82,-4.45,-1.21,-0.89,-1.25,-2.20,-4.70,-4.68,-7.40,-3.70,-3.52,-1.84,-2.01,-2.66,-5.74,-1.77,-3.42,-1.77,-3.02,0.36,-3.09,-3.79,-1.55,-0.90,-4.18,-5.25,-4.88,-5.11,-3.67,-4.82,-6.13,-6.21,-4.35,-1.06,-2.14,-5.50,-5.63,-3.01,-7.35,-5.90,-6.57,-5.71,-1.27,-4.87,-2.79,-0.96,-2.67,-5.36,-5.32,-4.97,-6.13,-4.65,-5.34,-1.98,-3.46
-5.49,-3.29,-4.63,-1.62,-2.75,-2.28,-4.41,-0.22,-3.97,-2.68,-2.70,-7.83,-6.01,-0.75,-1.79,-3.45,-4.40,-1.50,-5.31,-1.00,-3.48,-2.58,-1.48,-1.91,-1.98,-2.54,-1.22,-5.18,-4.46,-4.38,-2.08,-2.30,-4.91,-5.42,-5.29,-3.37,-6.33,-8.88,-0.98,-3.89,-1.24,-3.91,-0.33,-6.85,-3.96,-3.31,-7.31,-7.48,-2.89,-4.03,-4.19,-2.99,-0.49,-3.37,-1.96,-3.87,-4.56,-4.71,-4.52,-3.44,-3.76,-3.21,-3.47,-0.47,-2.18,-3.65,-2.21,-2.92,-2.08,-4.83,-1.75,-3.97,-6.70,-3.83,-4.42,-1.10,-0.80,-1.51,-2.06,-4.66,-4.66,-7.40,-3.65,-3.53,-1.85,-1.97,-2.69,-5.81,-1.77,-3.37,-1.78,-3.18,0.49,-3.11,-3.86,-1.63,-1.14,-4.20,-5.36,-4.91,-4.99,-3.39,-4.90,-6.17,-6.34,-4.23,-0.91,-1.87,-5.61,-5.68,-3.06,-7.43,-6.03,-6.72,-5.77,-1.11,-4.95,-2.60,-0.79,-2.75,-5.39,-5.32,-4.97,-6.21,-4.66,-5.42,-1.87,-3.51
-5.53,-3.33,-4.68,-1.57,-2.91,-2.37,-4.54,-0.22,-4.08,-2.61,-2.63,-7.95,-6.09,-0.74,-1.77,-3.51,-4.53,-1.33,-5.36,-0.78,-3.51,-2.48,-1.31,-1.71,-1.87,-2.34,-1.02,-5.14,-4.42,-4.43,-2.26,-2.65,-4.99,-5.30,-5.41,-3.32,-6.36,-9.10,-0.85,-4.06,-0.92,-3.93,-0.06,-7.02,-4.11,-3.28,-7.41,-7.63,-2.90,-4.03,-4.17,-3.08,-0.22,-3.22,-1.93,-3.91,-4.63,-4.71,-4.60,-3.41,-3.77,-3.24,-3.49,-0.67,-2.53,-3.44,-2.19,-3.01,-2.23,-4.80,-1.89,-4.13,-6.73,-3.84,-4.42,-1.02,-0.70,-1.77,-1.93,-4.63,-4.65,-7.47,-3.66,-3.54,-1.90,-1.93,-2.75,-5.97,-1.77,-3.29,-1.80,-3.39,0.60,-3.16,-3.93,-1.74,-1.37,-4.24,-5.54,-5.00,-4.88,-3.03,-4.98,-6.27,-6.48,-4.01,-0.74,-1.51,-5.69,-5.77,-3.14,-7.52,-6.17,-6.89,-5.89,-0.89,-5.15,-2.36,-0.57,-2.90,-5.46,-5.39,-5.01,-6.34,-4.71,-5.56,-1.67,-3.60
-5.59,-3.40,-4.73,-1.47,-3.07,-2.46,-4.70,-0.16,-4.20,-2.54,-2.54,-8.11,-6.28,-0.67,-1.73,-3.52,-4.64,-1.15,-5.43,-0.55,-3.50,-2.42,-1.16,-1.52,-1.81,-2.15,-0.81,-5.09,-4.40,-4.44,-2.45,-3.01,-5.10,-5.16,-5.57,-3.28,-6.40,-9.36,-0.70,-4.23,-0.53,-3.99,0.21,-7.25,-4.29,-3.20,-7.50,-7.77,-2.93,-4.02,-4.22,-3.17,0.08,-3.03,-1.88,-3.97,-4.69,-4.70,-4.61,-3.42,-3.78,-3.29,-3.50,-0.95,-2.92,-3.23,-2.17,-3.07,-2.35,-4.71,-2.10,-4.30,-6.75,-3.81,-4.43,-0.96,-0.60,-2.06,-1.78,-4.61,-4.62,-7.51,-3.67,-3.51,-1.99,-1.86,-2.79,-6.14,-1.75,-3.15,-1.80,-3.57,0.74,-3.19,-3.94,-1.82,-1.60,-4.27,-5.68,-5.11,-4.77,-2.59,-5.09,-6.39,-6.56,-3.67,-0.57,-1.11,-5.77,-5.95,-3.17,-7.56,-6.26,-6.97,-6.01,-0.66,-5.26,-2.10,-0.21,-3.03,-5.54,-5.49,-5.06,-6.54,-4.85,-5.72,-1.50,-3.62
-5.54,-3.39,-4.68,-1.33,-3.26,-2.56,-4.95,-0.08,-4.27,-2.47,-2.39,-8.20,-6.52,-0.57,-1.66,-3.41,-4.74,-0.93,-5.48,-0.28,-3.50,-2.40,-1.03,-1.38,-1.71,-2.02,-0.60,-4.91,-4.39,-4.36,-2.62,-3.51,-5.21,-4.92,-5.66,-3.32,-6.45,-9.52,-0.54,-4.34,-0.04,-4.11,0.52,-7.37,-4.50,-3.11,-7.51,-7.76,-2.88,-4.00,-4.23,-3.22,0.41,-2.83,-1.82,-4.03,-4.72,-4.67,-4.63,-3.46,-3.77,-3.29,-3.49,-1.37,-3.33,-2.95,-2.15,-3.10,-2.43,-4.59,-2.33,-4.42,-6.72,-3.69,-4.38,-0.87,-0.45,-2.37,-1.63,-4.47,-4.53,-7.47,-3.59,-3.51,-2.12,-1.75,-2.77,-6.22,-1.74,-2.98,-1.74,-3.74,0.91,-3.19,-3.89,-1.91,-1.83,-4.22,-5.70,-5.17,-4.54,-2.04,-5.04,-6.40,-6.49,-3.19,-0.34,-0.60,-5.76,-6.09,-3.06,-7.37,-6.11,-6.92,-6.00,-0.40,-5.25,-1.72,0.15,-3.20,-5.57,-5.56,-5.05,-6.65,-4.97,-5.85,-1.25,-3.67
-5.41,-3.34,-4.52,-1.13,-3.47,-2.66,-5.29,0.01,-4.22,-2.36,-2.15,-8.12,-6.58,-0.45,-1.57,-3.14,-4.78,-0.67,-5.40,0.02,-3.43,-2.35,-0.94,-1.23,-1.58,-1.94,-0.45,-4.59,-4.30,-4.17,-2.73,-3.96,-5.19,-4.48,-5.64,-3.24,-6.37,-9.49,-0.37,-4.28,0.60,-4.15,0.86,-7.45,-4.68,-2.94,-7.34,-7.49,-2.69,-3.94,-4.09,-3.17,0.81,-2.63,-1.71,-4.03,-4.61,-4.55,-4.55,-3.39,-3.73,-3.17,-3.46,-1.95,-3.77,-2.60,-2.09,-3.09,-2.43,-4.38,-2.48,-4.49,-6.57,-3.43,-4.21,-0.64,-0.28,-2.70,-1.38,-4.14,-4.25,-7.14,-3.36,-3.50,-2.20,-1.57,-2.67,-6.14,-1.70,-2.77,-1.61,-3.94,1.11,-3.12,-3.80,-2.00,-2.03,-4.04,-5.51,-5.12,-3.99,-1.46,-4.83,-6.15,-6.26,-2.59,-0.07,0.00,-5.69,-6.09,-2.92,-6.89,-5.74,-6.60,-5.72,-0.10,-5.04,-1.26,0.53,-3.36,-5.42,-5.53,-4.90,-6.62,-5.00,-5.83,-0.95,-3.65
-5.06,-3.17,-4.32,-0.92,-3.69,-2.83,-5.72,0.10,-4.06,-2.20,-1.83,-7.74,-6.55,-0.26,-1.40,-2.60,-4.67,-0.36,-5.14,0.31,-3.21,-2.27,-0.87,-1.13,-1.45,-1.94,-0.22,-4.04,-4.08,-3.88,-2.88,-4.42,-4.97,-3.71,-5.45,-2.86,-6.09,-9.17,-0.16,-4.04,1.29,-3.99,1.21,-7.48,-4.74,-2.69,-6.86,-6.88,-2.39,-3.76,-3.82,-3.05,1.26,-2.42,-1.57,-3.96,-4.37,-4.24,-4.29,-3.30,-3.59,-2.95,-3.36,-2.70,-4.23,-2.27,-1.97,-3.01,-2.35,-3.97,-2.51,-4.49,-6.15,-3.03,-3.85,-0.41,-0.11,-3.04,-1.05,-3.53,-3.70,-6.42,-2.92,-3.39,-2.26,-1.32,-2.56,-5.83,-1.58,-2.53,-1.45,-4.04,1.35,-2.91,-3.51,-2.07,-2.18,-3.66,-5.05,-4.85,-2.97,-0.84,-4.40,-5.60,-5.84,-1.90,0.25,0.67,-5.42,-5.88,-2.67,-6.00,-5.01,-6.06,-5.13,0.26,-4.62,-0.81,0.98,-3.54,-5.03,-5.31,-4.55,-6.38,-4.78,-5.57,-0.61,-3.65
-4.38,-2.87,-4.01,-0.70,-3.93,-2.98,-6.27,0.21,-3.79,-1.97,-1.39,-6.98,-6.17,-0.02,-1.19,-1.81,-4.42,0.00,-4.64,0.64,-2.83,-2.19,-0.73,-1.00,-1.28,-1.97,0.00,-3.27,-3.68,-3.48,-2.95,-4.90,-4.63,-2.60,-5.04,-2.55,-5.51,-8.48,0.13,-3.53,1.94,-3.65,1.62,-7.10,-4.67,-2.34,-6.07,-5.89,-1.90,-3.39,-3.56,-2.82,1.74,-2.20,-1.36,-3.79,-4.03,-3.67,-3.93,-2.97,-3.26,-2.59,-3.17,-3.58,-4.69,-1.96,-1.77,-2.87,-2.22,-3.41,-2.50,-4.37,-5.45,-2.47,-3.29,-0.23,0.08,-3.36,-0.63,-2.65,-2.87,-5.31,-2.31,-3.19,-2.23,-1.01,-2.37,-5.28,-1.39,-2.33,-1.32,-4.09,1.67,-2.57,-3.17,-2.10,-2.26,-3.05,-4.21,-4.33,-1.62,-0.09,-3.77,-4.70,-5.13,-1.06,0.63,1.41,-4.92,-5.42,-2.32,-4.68,-3.90,-5.25,-4.25,0.68,-3.96,-0.40,1.41,-3.64,-4.36,-4.81,-3.92,-5.82,-4.33,-5.07,-0.28,-3.51
-3.46,-2.43,-3.53,-0.49,-4.11,-3.19,-6.82,0.30,-3.44,-1.66,-0.83,-5.84,-5.66,0.31,-0.94,-0.88,-3.96,0.36,-3.86,0.98,-2.35,-2.03,-0.54,-0.87,-1.10,-2.07,0.24,-2.33,-3.08,-2.95,-3.00,-5.35,-4.00,-1.23,-4.40,-2.14,-4.58,-7.42,0.46,-2.75,2.55,-3.11,2.09,-6.53,-4.43,-2.00,-4.91,-4.63,-1.29,-2.90,-3.01,-2.51,2.24,-1.92,-1.12,-3.56,-3.55,-3.00,-3.47,-2.45,-2.67,-2.11,-2.88,-4.55,-5.15,-1.68,-1.55,-2.62,-1.99,-2.70,-2.34,-4.17,-4.55,-1.77,-2.57,0.01,0.28,-3.63,-0.15,-1.57,-1.83,-3.94,-1.56,-2.92,-2.09,-0.60,-2.17,-4.48,-1.16,-2.08,-1.12,-3.99,1.98,-2.12,-2.70,-2.10,-2.30,-2.27,-3.30,-3.58,-0.09,0.77,-2.84,-3.52,-4.12,-0.05,1.03,2.20,-4.07,-4.64,-1.90,-3.07,-2.49,-4.10,-3.15,1.12,-3.08,-0.03,1.93,-3.70,-3.45,-4.03,-3.10,-4.95,-3.64,-4.37,0.05,-3.32
-2.35,-1.87,-3.02,-0.28,-4.29,-3.36,-7.28,0.37,-3.06,-1.27,-0.16,-4.33,-4.98,0.66,-0.66,0.23,-3.28,0.64,-2.85,1.29,-1.71,-1.82,-0.25,-0.66,-0.91,-2.05,0.65,-1.27,-2.37,-2.31,-3.09,-5.74,-3.24,0.39,-3.54,-1.33,-3.34,-6.06,0.80,-1.72,3.00,-2.43,2.53,-5.61,-4.02,-1.75,-3.44,-3.07,-0.59,-2.29,-2.30,-2.20,2.74,-1.59,-0.83,-3.23,-2.90,-2.16,-2.81,-1.87,-1.89,-1.59,-2.52,-5.39,-5.59,-1.47,-1.27,-2.28,-1.67,-1.84,-2.12,-3.79,-3.41,-0.97,-1.74,0.29,0.50,-3.85,0.39,-0.41,-0.67,-2.29,-0.75,-2.57,-1.85,-0.14,-1.83,-3.49,-0.90,-1.72,-0.84,-3.69,2.27,-1.54,-2.04,-2.04,-2.28,-1.35,-2.16,-2.56,1.51,1.66,-1.83,-2.09,-2.95,1.09,1.42,2.99,-3.00,-3.66,-1.35,-1.15,-0.72,-2.79,-1.85,1.55,-1.99,0.28,2.60,-3.64,-2.34,-3.03,-2.13,-3.91,-2.86,-3.49,0.40,-2.98
-1.13,-1.22,-2.35,-0.10,-4.37,-3.51,-7.61,0.44,-2.57,-0.75,0.57,-2.52,-3.85,0.94,-0.35,1.38,-2.49,0.85,-1.70,1.69,-0.97,-1.52,0.26,-0.33,-0.58,-1.92,1.18,-0.09,-1.54,-1.57,-3.16,-6.07,-2.35,2.10,-2.50,-0.42,-1.85,-4.43,1.05,-0.56,3.25,-1.66,2.96,-4.36,-3.45,-1.61,-1.77,-1.22,0.18,-1.64,-1.59,-1.90,3.21,-1.19,-0.50,-2.84,-2.16,-1.27,-1.99,-1.13,-1.02,-1.06,-2.09,-5.99,-5.95,-1.22,-1.00,-1.89,-1.22,-0.94,-1.80,-3.27,-2.16,-0.11,-0.81,0.63,0.73,-3.99,0.92,0.83,0.61,-0.40,0.11,-2.26,-1.49,0.37,-1.48,-2.32,-0.62,-1.39,-0.46,-3.34,2.50,-0.90,-1.23,-2.02,-2.28,-0.35,-0.87,-1.34,3.20,2.63,-0.73,-0.47,-1.63,2.32,1.81,3.71,-1.67,-2.53,-0.67,1.07,1.28,-1.29,-0.38,1.99,-0.81,0.67,3.25,-3.60,-1.07,-1.92,-1.04,-2.65,-1.91,-2.42,0.87,-2.63
0.21,-0.53,-1.58,0.01,-4.36,-3.59,-7.67,0.50,-2.04,-0.20,1.29,-0.40,-2.52,1.09,-0.05,2.42,-1.67,0.93,-0.43,2.11,-0.24,-1.06,0.97,0.21,-0.10,-1.59,1.87,1.19,-0.64,-0.78,-3.24,-6.29,-1.43,4.01,-1.33,0.82,-0.16,-2.55,1.21,0.78,3.33,-0.72,3.37,-2.93,-2.68,-1.56,0.18,0.90,1.01,-0.96,-0.73,-1.70,3.60,-0.71,-0.20,-2.25,-1.26,-0.44,-1.11,-0.22,-0.05,-0.38,-1.57,-6.23,-6.21,-0.99,-0.73,-1.50,-0.67,-0.05,-1.33,-2.56,-0.79,0.72,0.25,1.06,0.94,-4.07,1.47,2.05,1.98,1.65,1.02,-1.97,-0.93,0.94,-1.14,-0.98,-0.32,-0.95,0.00,-2.88,2.65,-0.14,-0.33,-2.01,-2.18,0.69,0.51,-0.01,5.13,3.65,0.57,1.35,-0.12,3.57,2.15,4.38,-0.22,-1.19,0.09,3.53,3.44,0.36,1.25,2.43,0.53,1.17,3.83,-3.55,0.40,-0.56,0.18,-1.21,-0.95,-1.19,1.29,-2.19
1.73,0.19,-0.64,0.04,-4.29,-3.63,-7.45,0.62,-1.37,0.48,2.01,2.02,-0.98,1.10,0.26,3.42,-0.80,0.97,0.94,2.65,0.50,-0.51,1.81,0.87,0.52,-1.02,2.70,2.57,0.36,0.03,-3.44,-6.37,-0.40,6.09,-0.01,2.32,1.85,-0.35,1.22,2.31,3.18,0.26,3.75,-1.13,-1.72,-1.55,2.29,3.23,1.91,-0.14,0.21,-1.58,3.91,-0.14,0.12,-1.52,-0.23,0.52,-0.10,0.67,1.00,0.41,-1.00,-6.04,-6.29,-0.75,-0.42,-1.08,-0.04,0.83,-0.77,-1.63,0.86,1.56,1.42,1.61,1.13,-4.13,2.00,3.29,3.47,4.08,2.03,-1.65,-0.25,1.50,-0.77,0.59,0.04,-0.52,0.67,-2.35,2.77,0.74,0.73,-2.05,-2.10,1.77,2.16,1.46,7.32,4.55,2.06,3.44,1.58,4.81,2.43,4.93,1.55,0.35,0.95,6.27,5.88,2.25,3.06,2.93,1.99,1.73,4.30,-3.47,2.02,0.90,1.54,0.45,0.21,0.26,1.74,-1.62
3.45,1.01,0.41,-0.02,-4.05,-3.58,-6.95,0.77,-0.61,1.21,2.68,4.73,0.86,0.96,0.51,4.31,0.05,0.94,2.39,3.23,1.27,0.09,2.72,1.56,1.15,-0.24,3.43,4.15,1.46,0.78,-3.57,-6.32,0.55,8.24,1.54,3.79,4.14,2.16,1.14,4.00,2.78,1.21,4.08,1.01,-0.59,-1.47,4.65,5.79,2.85,0.71,1.17,-1.45,4.13,0.51,0.43,-0.64,0.89,1.60,0.98,1.71,2.16,1.33,-0.37,-5.47,-6.13,-0.44,-0.03,-0.74,0.60,1.69,-0.22,-0.57,2.79,2.43,2.72,2.19,1.29,-4.10,2.55,4.52,5.08,6.78,3.09,-1.32,0.46,2.06,-0.35,2.35,0.39,-0.09,1.30,-1.71,2.92,1.71,1.75,-2.12,-2.04,2.87,3.96,3.10,9.61,5.45,3.72,5.87,3.46,6.07,2.65,5.35,3.58,2.11,1.86,9.10,8.58,4.40,5.05,3.47,3.71,2.27,4.57,-3.29,3.72,2.55,3.08,2.33,1.55,1.94,2.24,-0.92
5.21,1.88,1.62,-0.10,-3.73,-3.42,-6.22,0.97,0.26,1.98,3.32,7.68,2.92,0.72,0.69,5.01,0.90,0.93,4.02,3.82,2.10,0.74,3.68,2.15,1.62,0.61,4.06,5.78,2.63,1.50,-3.68,-6.11,1.51,10.33,3.37,5.17,6.65,4.91,1.01,5.72,2.22,2.12,4.47,3.24,0.66,-1.24,7.20,8.44,3.74,1.76,2.34,-1.26,4.38,1.20,0.71,0.49,2.17,2.74,2.13,2.78,3.42,2.33,0.34,-4.61,-5.71,-0.10,0.49,-0.42,1.28,2.61,0.45,0.47,4.81,3.34,4.10,2.83,1.40,-4.03,3.04,5.71,6.60,9.59,4.11,-0.89,1.14,2.53,0.07,4.27,0.73,0.43,1.91,-0.97,3.15,2.63,2.69,-2.20,-2.01,3.95,5.83,4.86,11.80,6.16,5.54,8.51,5.39,7.34,2.81,5.68,5.88,4.11,2.72,11.98,11.22,6.77,7.09,4.01,5.62,2.75,4.72,-2.97,5.47,4.34,4.78,4.47,3.13,3.81,2.76,-0.18
7.04,2.75,2.96,-0.24,-3.30,-3.22,-5.26,1.18,1.17,2.69,3.84,10.79,5.10,0.38,0.74,5.46,1.69,0.84,5.74,4.28,2.94,1.44,4.58,2.63,1.96,1.45,4.61,7.26,3.84,2.09,-3.71,-5.79,2.52,12.14,5.17,6.53,9.25,7.70,0.91,7.20,1.24,2.87,4.84,5.63,1.91,-0.79,9.72,11.03,4.34,2.87,3.62,-0.97,4.65,1.92,0.99,1.76,3.46,3.99,3.28,3.74,4.71,3.38,0.96,-3.53,-5.07,0.32,1.17,-0.15,1.93,3.54,1.18,1.40,6.74,4.25,5.39,3.38,1.51,-3.83,3.49,6.77,7.93,12.46,5.00,-0.41,1.76,2.90,0.66,6.19,1.04,0.97,2.45,-0.11,3.40,3.33,3.52,-2.28,-1.97,4.95,7.80,6.73,13.70,6.73,7.31,11.10,7.22,8.47,2.88,5.93,8.18,6.32,3.51,14.49,13.76,9.25,8.97,4.46,7.52,3.23,4.65,-2.46,7.13,6.13,6.58,6.78,4.83,5.73,3.41,0.61
8.67,3.56,4.34,-0.42,-2.78,-2.92,-4.11,1.38,2.05,3.32,4.20,13.70,7.29,-0.14,0.65,5.58,2.40,0.68,7.40,4.58,3.69,2.13,5.26,2.95,2.21,2.02,5.05,8.49,5.05,2.69,-3.49,-5.32,3.44,13.41,6.82,7.51,11.61,10.32,0.73,8.12,-0.02,3.44,5.16,7.78,3.07,-0.07,12.08,13.37,4.79,3.93,4.80,-0.56,4.91,2.60,1.23,3.07,4.73,5.16,4.38,4.64,5.85,4.29,1.54,-2.38,-4.26,0.79,1.87,0.13,2.50,4.43,1.82,2.19,8.38,5.05,6.46,3.73,1.64,-3.50,3.77,7.59,8.94,15.05,5.73,0.16,2.31,3.14,1.18,7.86,1.38,1.56,2.86,0.69,3.66,3.83,4.10,-2.31,-1.98,5.80,9.59,8.48,15.00,7.19,8.86,13.40,8.84,9.41,2.86,6.08,10.23,8.52,4.19,16.37,15.72,11.72,10.47,4.83,9.12,3.73,4.45,-1.83,8.46,7.70,8.30,9.11,6.60,7.50,4.10,1.38
10.03,4.32,5.77,-0.63,-2.28,-2.58,-2.78,1.52,2.86,3.75,4.38,16.21,9.06,-0.83,0.42,5.38,3.07,0.47,9.01,4.64,4.16,2.78,5.78,3.14,2.53,2.20,5.31,9.41,6.07,3.21,-3.20,-4.72,4.35,14.17,8.23,8.26,13.37,12.56,0.59,8.36,-1.34,3.83,5.38,9.52,4.09,0.82,14.01,15.21,4.96,4.99,5.74,-0.08,5.05,3.22,1.38,4.43,5.82,6.18,5.27,5.38,6.73,5.01,2.07,-1.27,-3.33,1.22,2.59,0.39,2.97,5.25,2.44,2.93,9.41,5.63,7.22,3.90,1.75,-3.11,3.83,8.00,9.57,16.93,6.23,0.83,2.87,3.27,1.65,9.19,1.63,2.20,3.09,1.50,3.88,4.12,4.45,-2.32,-1.90,6.38,11.02,9.90,15.60,7.52,10.15,15.10,10.10,10.10,2.72,6.11,11.72,10.60,4.68,17.39,16.88,13.81,11.52,5.08,10.40,4.30,4.13,-1.09,9.41,9.01,9.84,11.22,8.14,8.90,4.69,2.12
11.06,4.92,7.21,-0.90,-1.74,-2.20,-1.37,1.52,3.59,3.95,4.41,18.13,10.52,-1.61,0.06,4.97,3.74,0.33,10.44,4.45,4.31,3.40,6.12,3.32,2.92,2.28,5.44,9.94,6.86,3.57,-2.86,-4.02,5.17,14.38,9.29,8.54,14.57,14.35,0.43,8.08,-2.54,3.90,5.43,11.02,4.92,1.75,15.38,16.43,5.01,5.90,6.22,0.52,4.95,3.72,1.48,5.54,6.63,6.96,5.99,5.93,7.34,5.47,2.46,-0.26,-2.34,1.56,3.21,0.66,3.23,5.98,3.01,3.50,10.01,5.94,7.66,3.83,1.84,-2.72,3.64,8.02,9.86,18.17,6.55,1.65,3.25,3.31,2.04,10.20,1.82,2.65,3.14,2.25,4.00,4.20,4.65,-2.25,-1.82,6.73,12.19,10.82,15.70,7.54,11.01,16.20,10.90,10.40,2.50,5.94,12.72,12.32,5.03,17.70,17.20,15.45,12.16,5.26,11.20,4.90,3.73,-0.33,9.89,9.80,11.05,12.91,9.44,9.90,5.14,2.91
11.79,5.43,8.31,-1.23,-1.13,-1.84,0.04,1.35,4.14,4.04,4.32,19.37,11.52,-2.54,-0.32,4.51,4.44,0.14,11.65,4.09,4.26,3.84,6.23,3.51,3.37,2.39,5.54,10.18,7.35,3.83,-2.42,-3.23,5.78,14.18,10.11,8.53,15.01,15.70,0.21,7.40,-3.35,3.97,5.22,12.17,5.45,2.53,16.28,17.11,4.90,6.55,6.24,1.12,4.69,4.15,1.56,6.33,7.24,7.49,6.52,6.28,7.63,5.74,2.69,0.52,-1.31,1.73,3.71,0.91,3.35,6.55,3.42,4.07,10.24,5.97,7.80,3.65,1.89,-2.30,3.28,7.67,9.92,18.71,6.62,2.49,3.44,3.31,2.33,10.90,1.98,2.94,3.02,2.88,3.92,4.20,4.75,-2.16,-1.73,6.83,12.89,11.27,15.40,7.26,11.57,16.80,11.26,10.50,2.23,5.57,13.21,13.58,5.25,17.36,16.93,16.72,12.54,5.28,11.90,5.50,3.33,0.37,9.98,10.23,11.87,14.07,10.34,10.46,5.45,3.61
12.10,5.78,9.23,-1.54,-0.62,-1.34,1.25,0.99,4.56,4.00,4.27,20.04,12.07,-3.39,-0.64,4.05,5.07,0.04,12.62,3.56,4.17,4.02,6.19,3.75,3.83,2.51,5.62,10.17,7.62,3.90,-1.96,-2.48,6.10,13.73,10.65,8.27,14.86,16.66,0.03,6.60,-3.77,4.07,4.76,12.86,5.83,3.08,16.69,17.33,4.76,7.03,6.12,1.68,4.35,4.30,1.59,6.80,7.66,7.63,6.83,6.45,7.69,5.83,2.81,1.09,-0.26,1.70,4.09,1.17,3.39,7.05,3.72,4.48,10.12,5.78,7.76,3.30,1.85,-1.87,2.85,7.13,9.70,18.61,6.50,3.38,3.43,3.23,2.51,11.47,2.08,3.16,2.71,3.37,3.63,4.12,4.70,-2.01,-1.58,6.78,13.27,11.32,14.80,6.74,11.88,17.10,11.32,10.20,1.93,5.00,13.24,14.45,5.30,16.73,16.06,17.51,12.66,5.17,12.20,5.99,2.99,1.07,9.76,10.31,12.35,14.81,10.95,10.66,5.55,4.29
11.90,5.94,9.88,-1.87,0.01,-0.85,2.26,0.49,4.81,3.92,4.23,20.21,12.26,-4.04,-0.95,3.57,5.45,-0.06,13.22,2.88,3.97,4.01,6.04,3.94,4.16,2.93,5.48,9.73,7.70,3.72,-1.53,-1.75,6.27,13.03,10.83,7.95,14.32,17.24,-0.11,5.75,-3.87,4.22,4.19,13.17,6.07,3.45,16.75,17.17,4.40,7.27,6.06,2.26,3.89,4.33,1.49,6.91,7.73,7.69,6.96,6.49,7.56,5.74,2.69,1.40,0.62,1.71,4.31,1.38,3.26,7.47,3.92,4.85,9.71,5.42,7.56,2.88,1.79,-1.37,2.43,6.45,9.27,18.04,6.14,4.07,3.17,3.10,2.69,11.76,2.09,3.36,2.38,3.79,3.05,3.94,4.56,-1.82,-1.49,6.55,13.35,11.13,14.20,6.02,11.79,17.10,11.09,9.58,1.60,4.35,12.90,14.96,5.20,15.68,15.07,18.00,12.53,4.95,12.20,6.49,2.64,1.67,9.31,10.25,12.49,15.16,11.24,10.56,5.55,4.75
11.44,5.86,10.21,-2.14,0.61,-0.24,3.09,-0.14,4.93,3.72,4.11,19.89,12.03,-4.51,-1.22,3.18,5.64,-0.20,13.44,2.24,3.77,3.90,5.67,3.99,4.40,3.36,5.25,9.14,7.67,3.49,-1.05,-1.11,6.18,12.08,10.80,7.45,13.41,17.43,-0.26,4.93,-3.70,4.26,3.42,13.18,6.08,3.70,16.43,16.66,4.00,7.32,6.00,2.74,3.31,4.17,1.28,6.72,7.65,7.50,6.81,6.31,7.25,5.50,2.50,1.47,1.29,1.56,4.36,1.55,3.02,7.73,3.83,5.16,9.24,4.94,7.22,2.36,1.66,-0.93,2.08,5.77,8.61,16.95,5.66,4.62,2.84,2.91,2.75,11.77,2.13,3.39,1.97,4.12,2.29,3.78,4.32,-1.57,-1.48,6.20,13.13,10.67,13.20,5.23,11.49,16.80,10.60,8.85,1.27,3.79,12.24,15.01,4.95,14.45,13.99,18.12,12.22,4.65,11.90,6.89,2.37,2.29,8.69,9.98,12.32,15.15,11.21,10.15,5.36,5.03
10.61,5.65,10.21,-2.33,1.05,0.28,3.73,-0.83,4.95,3.52,3.99,19.03,11.34,-4.82,-1.41,2.80,5.64,-0.36,13.36,1.63,3.52,3.70,5.07,3.93,4.53,3.50,4.83,8.40,7.56,3.14,-0.63,-0.58,5.99,11.05,10.56,7.04,12.22,17.26,-0.40,4.19,-3.30,4.19,2.42,12.83,5.98,3.75,15.71,15.80,3.55,7.37,5.89,3.10,2.62,3.82,0.96,6.42,7.33,7.42,6.47,5.98,6.83,5.15,2.29,1.39,1.74,1.40,4.24,1.60,2.75,7.85,3.65,5.44,8.45,4.39,6.76,1.85,1.48,-0.50,1.80,5.05,7.79,15.27,5.03,4.95,2.40,2.67,2.87,11.48,2.08,3.19,1.50,4.30,1.42,3.57,4.07,-1.30,-1.46,5.76,12.75,10.03,12.00,4.44,10.84,16.40,9.85,8.04,0.95,3.17,11.29,14.71,4.58,13.05,12.88,17.65,11.79,4.30,11.30,7.07,2.14,2.79,7.84,9.53,11.92,14.85,10.85,9.44,5.02,5.22
9.52,5.28,9.86,-2.53,1.42,0.73,4.19,-1.56,4.71,3.22,3.78,17.76,10.36,-4.97,-1.68,2.48,5.38,-0.47,12.92,1.03,3.25,3.42,4.45,3.75,4.39,3.66,4.31,7.55,7.29,2.62,-0.21,-0.15,5.74,9.98,10.03,6.16,10.96,16.80,-0.62,3.62,-2.79,3.96,1.44,12.06,5.75,3.66,14.68,14.66,3.04,7.21,5.57,3.38,1.80,3.31,0.53,6.00,6.82,7.23,6.01,5.48,6.39,4.71,2.06,1.28,1.98,1.01,3.91,1.48,2.40,7.81,3.30,5.55,7.55,3.82,6.20,1.29,1.27,-0.18,1.62,4.34,6.83,13.22,4.32,5.01,1.77,2.37,2.93,10.98,1.99,2.81,1.00,4.30,0.49,3.28,3.86,-0.95,-1.57,5.24,12.14,9.15,10.50,3.48,9.88,15.70,8.87,7.16,0.66,2.55,10.08,14.09,4.14,11.53,11.60,16.76,11.26,3.92,10.50,7.05,1.89,3.14,6.90,8.90,11.32,14.23,10.16,8.58,4.59,5.29
8.41,4.85,9.16,-2.63,1.60,1.02,4.47,-2.24,4.36,2.96,3.50,16.12,9.17,-5.10,-1.92,2.29,5.03,-0.63,12.09,0.61,3.04,3.00,3.70,3.50,4.08,3.68,3.79,6.72,6.93,2.21,0.19,0.23,5.34,8.82,9.35,5.21,9.61,16.10,-1.00,3.11,-2.21,3.84,0.42,11.12,5.32,3.36,13.44,13.41,2.50,6.94,4.95,3.41,0.92,2.73,0.11,5.46,6.28,6.76,5.58,4.82,5.82,4.22,1.83,1.13,2.02,0.44,3.50,1.23,2.04,7.53,2.86,5.55,6.54,3.24,5.55,0.81,0.99,0.09,1.49,3.61,5.82,11.24,3.52,4.87,1.08,2.01,2.93,10.27,1.85,2.38,0.48,4.18,-0.46,2.95,3.76,-0.65,-1.80,4.69,11.17,8.21,9.13,2.40,8.89,14.90,7.79,6.16,0.37,1.79,8.88,13.19,3.64,10.07,10.59,15.57,10.65,3.49,9.60,6.69,1.65,3.29,5.94,8.26,10.64,13.41,9.13,7.63,4.06,5.16
7.24,4.31,8.25,-2.78,1.61,1.29,4.52,-2.93,3.90,2.68,3.15,14.32,7.83,-5.11,-2.17,2.10,4.53,-0.76,11.07,0.19,2.95,2.42,2.95,3.11,3.58,3.49,3.26,5.87,6.51,1.73,0.50,0.59,4.85,7.74,8.50,4.52,8.35,15.19,-1.46,2.73,-1.72,3.58,-0.57,10.12,4.84,2.81,12.16,12.06,1.97,6.50,4.29,3.32,0.15,1.99,-0.32,4.76,5.67,6.14,5.06,4.20,5.24,3.69,1.65,0.98,1.94,-0.31,3.02,0.89,1.70,7.13,2.31,5.33,5.55,2.75,4.83,0.31,0.67,0.29,1.47,2.96,4.85,9.40,2.75,4.47,0.44,1.59,2.78,9.55,1.70,2.05,-0.09,3.87,-1.40,2.58,3.60,-0.37,-2.14,4.14,10.14,7.22,7.80,1.49,7.97,13.90,6.66,5.04,0.12,1.02,7.72,12.14,3.07,8.75,9.41,14.21,9.95,2.98,8.61,6.09,1.36,3.36,4.96,7.43,9.94,12.41,8.10,6.71,3.45,4.94
6.02,3.79,7.21,-2.85,1.60,1.45,4.36,-3.58,3.37,2.42,2.79,12.52,6.54,-5.02,-2.53,1.91,3.91,-0.93,9.87,-0.24,2.82,1.79,2.16,2.58,2.87,3.36,2.53,4.91,5.99,1.23,0.71,0.86,4.38,6.68,7.63,3.97,7.24,14.16,-1.92,2.38,-1.23,3.43,-1.38,9.02,4.31,2.18,10.89,10.72,1.34,5.86,3.73,3.18,-0.59,1.27,-0.77,4.08,4.94,5.40,4.64,3.62,4.66,3.06,1.51,0.73,1.70,-1.03,2.53,0.48,1.21,6.63,1.67,5.06,4.58,2.28,4.12,-0.13,0.38,0.46,1.42,2.34,3.97,7.78,1.98,3.84,-0.18,1.16,2.57,8.66,1.43,1.69,-0.64,3.49,-2.34,2.27,3.32,-0.12,-2.46,3.55,8.97,6.21,6.57,0.38,7.05,12.70,5.55,3.90,-0.08,0.29,6.62,11.06,2.52,7.54,8.48,12.84,9.23,2.48,7.57,5.33,0.96,3.23,4.09,6.66,9.27,11.25,7.16,5.84,2.94,4.24
5.07,3.24,6.16,-2.84,1.47,1.49,4.05,-4.22,2.89,2.09,2.26,10.86,5.52,-4.90,-2.91,1.79,3.31,-1.12,8.70,-0.57,2.75,1.20,1.42,1.93,2.16,3.14,1.87,4.04,5.36,0.79,0.81,1.03,3.82,5.72,6.78,3.62,6.26,13.07,-2.37,2.10,-0.84,3.08,-2.08,8.17,3.73,1.51,9.60,9.44,0.66,5.24,3.16,2.99,-1.28,0.52,-1.13,3.44,4.25,4.46,4.19,3.04,4.11,2.36,1.45,0.42,1.34,-1.76,2.08,0.03,0.72,6.00,1.07,4.68,3.83,1.86,3.43,-0.57,0.03,0.53,1.34,1.83,3.17,6.59,1.26,3.09,-0.64,0.74,2.19,7.79,1.21,1.24,-1.25,3.07,-3.17,1.99,2.91,0.10,-2.91,2.93,7.86,5.24,5.43,-0.51,6.28,11.50,4.52,2.97,-0.31,-0.43,5.73,9.90,2.03,6.46,7.66,11.66,8.54,2.01,6.54,4.41,0.52,3.10,3.29,5.88,8.66,10.07,6.09,5.09,2.35,3.90
4.28,2.72,5.08,-2.79,1.21,1.41,3.64,-4.81,2.35,1.75,1.70,9.35,4.56,-4.77,-3.25,1.57,2.66,-1.41,7.63,-0.97,2.64,0.57,0.55,1.34,1.45,2.74,1.33,3.23,4.76,0.32,0.78,0.99,3.19,4.86,5.96,3.27,5.49,11.96,-2.77,1.92,-0.61,2.60,-2.66,7.40,3.15,0.78,8.42,8.29,0.15,4.57,2.60,2.78,-1.80,-0.21,-1.43,2.84,3.48,3.72,3.76,2.50,3.61,1.70,1.41,0.08,0.92,-2.43,1.66,-0.45,0.28,5.24,0.55,4.27,3.16,1.49,2.79,-0.99,-0.31,0.60,1.18,1.33,2.50,5.52,0.60,2.28,-1.01,0.35,1.77,6.93,1.02,0.84,-1.81,2.57,-3.90,1.70,2.47,0.23,-3.30,2.33,7.05,4.35,4.41,-1.36,5.49,10.30,3.58,2.21,-0.48,-1.04,5.03,8.95,1.66,5.58,6.83,10.43,7.93,1.56,5.64,3.41,0.08,2.76,2.51,5.06,8.15,8.92,5.10,4.32,1.69,3.06
3.63,2.26,3.96,-2.73,0.89,1.23,3.13,-5.31,1.76,1.43,1.04,8.08,3.72,-4.63,-3.65,1.31,1.98,-1.72,6.66,-1.35,2.45,-0.10,-0.27,0.63,0.80,2.12,0.70,2.49,4.07,-0.22,0.65,0.79,2.45,4.18,5.14,2.42,4.88,10.89,-3.22,1.77,-0.53,2.19,-2.99,6.47,2.56,0.08,7.36,7.28,-0.32,3.86,2.02,2.61,-2.27,-0.86,-1.70,2.35,2.70,3.03,3.37,1.94,3.22,1.08,1.33,-0.25,0.50,-3.06,1.23,-0.97,-0.14,4.48,0.09,3.87,2.59,1.16,2.20,-1.40,-0.64,0.58,0.97,0.81,1.89,4.73,0.05,1.34,-1.41,-0.05,1.25,6.08,0.83,0.40,-2.31,1.95,-4.49,1.37,2.00,0.28,-3.79,1.74,6.28,3.51,3.58,-2.19,4.75,9.10,2.72,1.49,-0.72,-1.72,4.29,8.03,1.38,4.74,6.01,9.38,7.36,1.14,4.74,2.45,-0.48,2.53,1.84,4.33,7.69,7.85,4.26,3.63,1.03,2.26
3.22,1.84,2.99,-2.60,0.50,1.00,2.64,-5.74,1.16,1.12,0.35,7.01,3.09,-4.52,-4.02,1.07,1.39,-2.08,5.73,-1.65,2.24,-0.64,-0.99,-0.10,0.14,1.34,0.09,1.90,3.43,-0.58,0.40,0.65,1.65,3.39,4.36,1.67,4.40,9.88,-3.64,1.61,-0.70,1.87,-3.32,5.80,2.02,-0.64,6.47,6.44,-0.66,3.05,1.49,2.35,-2.71,-1.44,-1.92,1.92,2.01,2.30,3.06,1.36,2.70,0.50,1.23,-0.61,0.04,-3.72,0.88,-1.44,-0.52,3.74,-0.32,3.39,2.03,0.85,1.67,-1.77,-1.02,0.53,0.67,0.36,1.34,4.19,-0.45,0.55,-1.70,-0.40,0.70,5.28,0.63,0.03,-2.74,1.43,-4.96,0.95,1.56,0.23,-4.26,1.20,5.65,2.90,2.92,-3.06,3.92,7.98,1.94,0.83,-0.94,-2.39,3.28,7.15,1.05,4.08,5.24,8.48,6.78,0.74,4.08,1.30,-1.04,2.12,1.38,3.77,7.32,7.10,3.43,3.05,0.55,1.91
2.69,1.40,2.13,-2.56,0.11,0.74,2.17,-6.06,0.57,0.80,-0.37,6.16,2.52,-4.36,-4.34,0.79,0.78,-2.39,4.95,-1.99,2.07,-1.15,-1.64,-0.82,-0.47,0.52,-0.34,1.36,2.84,-0.92,0.16,0.34,0.89,2.80,3.65,1.34,4.03,8.90,-4.03,1.49,-0.98,1.38,-3.61,5.25,1.52,-1.30,5.77,5.75,-0.91,2.24,1.07,2.15,-3.09,-1.97,-2.14,1.50,1.32,1.82,2.74,1.03,2.24,-0.07,1.06,-0.86,-0.41,-4.33,0.58,-1.83,-0.87,3.03,-0.64,2.88,1.61,0.60,1.15,-2.07,-1.34,0.43,0.37,-0.01,0.85,3.60,-0.78,-0.19,-1.97,-0.70,0.04,4.54,0.46,-0.22,-3.13,0.93,-5.31,0.52,1.15,0.11,-4.72,0.68,4.75,2.35,2.47,-3.80,3.15,6.95,1.27,0.22,-1.18,-2.98,2.79,5.89,0.71,3.59,4.23,7.66,6.19,0.28,3.46,0.20,-1.60,1.85,1.03,3.18,7.02,6.45,2.66,2.52,0.07,1.33
2.19,0.96,1.35,-2.42,-0.25,0.46,1.73,-6.33,0.00,0.45,-0.98,5.44,2.06,-4.21,-4.62,0.61,0.27,-2.69,4.24,-2.30,1.85,-1.45,-2.15,-1.47,-1.14,-0.33,-0.94,0.90,2.32,-1.22,-0.07,0.02,0.38,2.23,3.03,1.01,3.76,7.97,-4.40,1.33,-1.29,1.02,-3.87,4.65,1.09,-1.94,5.15,5.16,-1.19,1.42,0.63,1.95,-3.53,-2.39,-2.29,1.19,0.72,1.26,2.44,0.69,1.88,-0.59,0.90,-1.11,-0.84,-4.82,0.31,-2.19,-1.18,2.44,-0.97,2.47,1.21,0.32,0.67,-2.30,-1.64,0.28,0.03,-0.38,0.40,3.07,-1.02,-0.87,-2.11,-0.92,-0.50,3.80,0.29,-0.35,-3.39,0.48,-5.55,0.20,0.73,-0.04,-4.96,0.19,3.84,1.83,2.10,-4.38,2.62,5.99,0.68,-0.21,-1.37,-3.50,2.40,4.59,0.46,3.09,3.46,6.92,5.65,-0.12,2.94,-0.70,-2.11,1.70,0.70,2.73,6.77,5.81,1.94,2.08,-0.21,0.56
